key,en,sq
PLAY_HAND_BUTTON,PLAY,LUAJ
PASS_BUTTON,PASS,PAS
GIVE_CARD_BUTTON,GIVE_CARD,JEP LETER
READY_BUTTON,READY,GATI
LEAVE_ROOM_BUTTON,LEAVE ROOM,DIL NGA DHOMA
TURN_TIME_LABEL,TURN TIME,KOHA E RADHËS
ROOM_ID_LABEL,ROOM ID,ID E DHOMËS 
TOTAL_SCORE_LABEL,TOTAL SCORE,SKORI TOTAL
CHAT_SEND_BUTTON,SEND,DËRGO
BLOCK_BUTTON,BLOCK,BLOKO
UNBLOCK_BUTTON,UNBLOCK,ZHBLOKO
MUTE_BUTTON,MUTE,HESHT
UNMUTE_BUTTON,UNMUTE,ÇËAKTIVIZO HESHTJEN
KICK_BUTTON,KICK,HIQ NGA DHOMA
PROFILE_BUTTON,PROFILE,PROFIL
CREATE_ROOM_BUTTON,CREATE ROOM,KRIJO DHOMË
JOIN_RANDOM_ROOM_BUTTON,JOIN RANDOM ROOM,HYR RASTËSISHT
JOIN_ROOM_BUTTON,JOIN,HYR
JOIN_ROOM_WITH_ID_PLACEHOLDER,JOIN WITH ROOM ID,HYR MË ID DHOME
LOBBY_TEXT,LOBBY,LOBI
AVAILABLE_ROOMS_TEXT,AVAILABLE,TË HAPURA
ALL_ROOMS_TEXT,ALL,TË GJITHA
LOGOUT_BUTTON,LOGOUT,ÇLIDHU
LOGIN_BUTTON,LOGIN,LIDHU
LOGIN_BUTTON_EXCL,LOGIN!,LIDHU!
REGISTER_BUTTON,REGISTER,REGJISTROHU
REGISTER_BUTTON_EXCL,REGISTER!,REGJISTROHU!
DONT_HAVE_ACCOUNT_TEXT,Don't have an account?,S'ke llogari?
REMEMBER_ME_CHECKBOX,Remember me,Më kujto
FORGOT_PASSWORD_TEXT,I forgot my password,Harrova fjalëkalimin
USERNAME_OR_EMAIL_PLACEHOLDER,Username or Email,Username ose Email
PASSWORD_PLACEHOLDER,Password,Fjalëkalimi
LOGIN_TO_PLAY_TEXT,LOGIN TO PLAY!,LIDHU PËR TË LUAJTUR!
LOGIN_REGISTER_BUTTON,Login/Register,LIDHU/REGJISTROHU
REGISTER_TO_PLAY_TEXT,REGISTER TO PLAY!,REGJISTROHU PËR TË LUAJTUR!
HAVE_ACCOUNT_TEXT,Already have an account?,Ke llogari?
PTS_TEXT,PTS,PIK
